{
  "104": {
    "Timestamp": "2025-08-13T17:20:27Z",
    "appid": "2625420",
    "available_properties": "appid,itemdefid,Timestamp,modified,date_created,type,display_type,name,quantity,description,background_color,icon_url,icon_url_large,name_color,tags,tradable,marketable,commodity,store_hidden",
    "background_color": "3C352E",
    "commodity": "0",
    "date_created": "20250813T172027Z",
    "description": "SyncGlow Controller",
    "display_type": "",
    "icon_url": "https://drivebeyondhorizons.com/public/assets/steam/104.png",
    "icon_url_large": "https://drivebeyondhorizons.com/public/assets/steam/104.png",
    "itemdefid": "104",
    "marketable": "1",
    "modified": "20250813T172027Z",
    "name": "SyncGlow Controller",
    "name_color": "FFF800",
    "quantity": "0",
    "store_hidden": "1",
    "tags": "quality:veryrare",
    "tradable": "1",
    "type": "item"
  },
  "105": {
    "Timestamp": "2025-03-19T11:48:42Z",
    "appid": "2625420",
    "available_properties": "appid,itemdefid,Timestamp,modified,date_created,type,display_type,name,quantity,description,background_color,icon_url,icon_url_large,name_color,promo,tags,tradable,marketable,commodity,store_hidden",
    "background_color": "3C352E",
    "commodity": "0",
    "date_created": "20250319T114842Z",
    "description": "Ship key ring",
    "display_type": "",
    "icon_url": "https://drivebeyondhorizons.com/public/assets/steam/105.png",
    "icon_url_large": "https://drivebeyondhorizons.com/public/assets/steam/105.png",
    "itemdefid": "105",
    "marketable": "0",
    "modified": "20250319T114842Z",
    "name": "Ship key ring",
    "name_color": "00FF62",
    "promo": "ach:35KeyRing",
    "quantity": "0",
    "store_hidden": "1",
    "tags": "quality:uncommon",
    "tradable": "0",
    "type": "item"
  },
  "106": {
    "Timestamp": "2025-03-23T23:42:21Z",
    "appid": "2625420",
    "available_properties": "appid,itemdefid,Timestamp,modified,date_created,type,display_type,name,quantity,description,background_color,icon_url,icon_url_large,name_color,promo,tags,tradable,marketable,commodity,store_hidden",
    "background_color": "3C352E",
    "commodity": "0",
    "date_created": "20250323T234221Z",
    "description": "Alien Hat",
    "display_type": "",
    "icon_url": "https://drivebeyondhorizons.com/public/assets/steam/106.png",
    "icon_url_large": "https://drivebeyondhorizons.com/public/assets/steam/106.png",
    "itemdefid": "106",
    "marketable": "0",
    "modified": "20250323T234221Z",
    "name": "Alien Hat",
    "name_color": "00FF62",
    "promo": "ach:SecretEndingScenario1",
    "quantity": "0",
    "store_hidden": "1",
    "tags": "quality:uncommon",
    "tradable": "0",
    "type": "item"
  },
  "107": {
    "Timestamp": "2025-08-13T17:20:28Z",
    "appid": "2625420",
    "available_properties": "appid,itemdefid,Timestamp,modified,date_created,type,display_type,name,quantity,description,background_color,icon_url,icon_url_large,tags,tradable,marketable,commodity,store_hidden",
    "background_color": "3C352E",
    "commodity": "0",
    "date_created": "20250813T172028Z",
    "description": "Party Bracelet",
    "display_type": "",
    "icon_url": "https://drivebeyondhorizons.com/public/assets/steam/107.png",
    "icon_url_large": "https://drivebeyondhorizons.com/public/assets/steam/107.png",
    "itemdefid": "107",
    "marketable": "0",
    "modified": "20250813T172028Z",
    "name": "Party Bracelet",
    "quantity": "0",
    "store_hidden": "1",
    "tags": "quality:common",
    "tradable": "0",
    "type": "item"
  },
  "108": {
    "Timestamp": "2025-08-13T17:20:28Z",
    "appid": "2625420",
    "available_properties": "appid,itemdefid,Timestamp,modified,date_created,type,display_type,name,quantity,description,background_color,icon_url,icon_url_large,name_color,tags,tradable,marketable,commodity,store_hidden",
    "background_color": "3C352E",
    "commodity": "0",
    "date_created": "20250813T172028Z",
    "description": "Neon Volume Controller",
    "display_type": "",
    "icon_url": "https://drivebeyondhorizons.com/public/assets/steam/108.png",
    "icon_url_large": "https://drivebeyondhorizons.com/public/assets/steam/108.png",
    "itemdefid": "108",
    "marketable": "1",
    "modified": "20250813T172028Z",
    "name": "Neon Volume Controller",
    "name_color": "FFF800",
    "quantity": "0",
    "store_hidden": "1",
    "tags": "quality:veryrare",
    "tradable": "1",
    "type": "item"
  },
  "109": {
    "Timestamp": "2025-03-23T23:42:21Z",
    "appid": "2625420",
    "available_properties": "appid,itemdefid,Timestamp,modified,date_created,type,display_type,name,quantity,description,background_color,icon_url,icon_url_large,name_color,tags,tradable,marketable,commodity,store_hidden",
    "background_color": "3C352E",
    "commodity": "0",
    "date_created": "20250323T234221Z",
    "description": "Cagoule",
    "display_type": "",
    "icon_url": "https://drivebeyondhorizons.com/public/assets/steam/109.png",
    "icon_url_large": "https://drivebeyondhorizons.com/public/assets/steam/109.png",
    "itemdefid": "109",
    "marketable": "1",
    "modified": "20250323T234221Z",
    "name": "Cagoule",
    "name_color": "B00081",
    "quantity": "0",
    "store_hidden": "1",
    "tags": "quality:rare",
    "tradable": "1",
    "type": "item"
  },
  "110": {
    "Timestamp": "2025-08-13T17:20:28Z",
    "appid": "2625420",
    "available_properties": "appid,itemdefid,Timestamp,modified,date_created,type,display_type,name,quantity,description,background_color,icon_url,icon_url_large,name_color,tags,tradable,marketable,commodity,store_hidden",
    "background_color": "3C352E",
    "commodity": "0",
    "date_created": "20250813T172028Z",
    "description": "Casquette",
    "display_type": "",
    "icon_url": "https://drivebeyondhorizons.com/public/assets/steam/110.png",
    "icon_url_large": "https://drivebeyondhorizons.com/public/assets/steam/110.png",
    "itemdefid": "110",
    "marketable": "1",
    "modified": "20250813T172028Z",
    "name": "Casquette",
    "name_color": "00FF62",
    "quantity": "0",
    "store_hidden": "1",
    "tags": "quality:uncommon",
    "tradable": "1",
    "type": "item"
  },
  "111": {
    "Timestamp": "2025-08-13T17:20:28Z",
    "appid": "2625420",
    "auto_stack": "1",
    "available_properties": "appid,itemdefid,Timestamp,modified,date_created,type,display_type,name,quantity,description,background_color,icon_url,icon_url_large,name_color,tags,tradable,marketable,commodity,store_hidden,auto_stack",
    "background_color": "3C352E",
    "commodity": "0",
    "date_created": "20250813T172028Z",
    "description": "Ceinture",
    "display_type": "",
    "icon_url": "https://drivebeyondhorizons.com/public/assets/steam/111.png",
    "icon_url_large": "https://drivebeyondhorizons.com/public/assets/steam/111.png",
    "itemdefid": "111",
    "marketable": "1",
    "modified": "20250813T172028Z",
    "name": "Ceinture",
    "name_color": "00FF62",
    "quantity": "0",
    "store_hidden": "1",
    "tags": "quality:uncommon",
    "tradable": "0",
    "type": "item"
  },
  "112": {
    "Timestamp": "2025-08-13T17:20:28Z",
    "appid": "2625420",
    "available_properties": "appid,itemdefid,Timestamp,modified,date_created,type,display_type,name,quantity,description,background_color,icon_url,icon_url_large,name_color,tags,tradable,marketable,commodity,store_hidden",
    "background_color": "3C352E",
    "commodity": "0",
    "date_created": "20250813T172028Z",
    "description": "Collier",
    "display_type": "",
    "icon_url": "https://drivebeyondhorizons.com/public/assets/steam/112.png",
    "icon_url_large": "https://drivebeyondhorizons.com/public/assets/steam/112.png",
    "itemdefid": "112",
    "marketable": "1",
    "modified": "20250813T172028Z",
    "name": "Collier",
    "name_color": "B00081",
    "quantity": "0",
    "store_hidden": "1",
    "tags": "quality:rare",
    "tradable": "1",
    "type": "item"
  },
  "113": {
    "Timestamp": "2025-03-23T23:42:24Z",
    "appid": "2625420",
    "available_properties": "appid,itemdefid,Timestamp,modified,date_created,type,display_type,name,quantity,description,background_color,icon_url,icon_url_large,name_color,tags,tradable,marketable,commodity,store_hidden",
    "background_color": "3C352E",
    "commodity": "0",
    "date_created": "20250323T234224Z",
    "description": "Collier2",
    "display_type": "",
    "icon_url": "https://drivebeyondhorizons.com/public/assets/steam/113.png",
    "icon_url_large": "https://drivebeyondhorizons.com/public/assets/steam/113.png",
    "itemdefid": "113",
    "marketable": "1",
    "modified": "20250323T234224Z",
    "name": "Collier2",
    "name_color": "B00081",
    "quantity": "0",
    "store_hidden": "1",
    "tags": "quality:rare",
    "tradable": "1",
    "type": "item"
  },
  "114": {
    "Timestamp": "2025-08-13T17:20:28Z",
    "appid": "2625420",
    "available_properties": "appid,itemdefid,Timestamp,modified,date_created,type,display_type,name,quantity,description,background_color,icon_url,icon_url_large,name_color,tags,tradable,marketable,commodity,store_hidden",
    "background_color": "3C352E",
    "commodity": "0",
    "date_created": "20250813T172028Z",
    "description": "Sun Glasses",
    "display_type": "",
    "icon_url": "https://drivebeyondhorizons.com/public/assets/steam/114.png",
    "icon_url_large": "https://drivebeyondhorizons.com/public/assets/steam/114.png",
    "itemdefid": "114",
    "marketable": "1",
    "modified": "20250813T172028Z",
    "name": "Sun Glasses",
    "name_color": "00FF62",
    "quantity": "0",
    "store_hidden": "1",
    "tags": "quality:uncommon",
    "tradable": "1",
    "type": "item"
  },
  "115": {
    "Timestamp": "2025-09-15T00:05:06Z",
    "appid": "2625420",
    "available_properties": "appid,itemdefid,Timestamp,modified,date_created,type,display_type,name,quantity,description,background_color,icon_url,icon_url_large,name_color,tags,tradable,marketable,commodity,store_hidden",
    "background_color": "3C352E",
    "commodity": "0",
    "date_created": "20250915T000506Z",
    "description": "Sun Glasses 2",
    "display_type": "",
    "icon_url": "https://drivebeyondhorizons.com/public/assets/steam/115.png",
    "icon_url_large": "https://drivebeyondhorizons.com/public/assets/steam/115.png",
    "itemdefid": "115",
    "marketable": "1",
    "modified": "20250915T000506Z",
    "name": "Sun Glasses 2",
    "name_color": "00FF62",
    "quantity": "0",
    "store_hidden": "1",
    "tags": "quality:uncommon",
    "tradable": "1",
    "type": "item"
  },
  "116": {
    "Timestamp": "2025-03-23T23:42:24Z",
    "appid": "2625420",
    "available_properties": "appid,itemdefid,Timestamp,modified,date_created,type,display_type,name,quantity,description,background_color,icon_url,icon_url_large,name_color,tags,tradable,marketable,commodity,store_hidden",
    "background_color": "3C352E",
    "commodity": "0",
    "date_created": "20250323T234224Z",
    "description": "Sun Glasses 3",
    "display_type": "",
    "icon_url": "https://drivebeyondhorizons.com/public/assets/steam/116.png",
    "icon_url_large": "https://drivebeyondhorizons.com/public/assets/steam/116.png",
    "itemdefid": "116",
    "marketable": "1",
    "modified": "20250323T234224Z",
    "name": "Sun Glasses 3",
    "name_color": "00FF62",
    "quantity": "0",
    "store_hidden": "1",
    "tags": "quality:uncommon",
    "tradable": "1",
    "type": "item"
  },
  "117": {
    "Timestamp": "2025-03-23T23:42:24Z",
    "appid": "2625420",
    "available_properties": "appid,itemdefid,Timestamp,modified,date_created,type,display_type,name,quantity,description,background_color,icon_url,icon_url_large,name_color,tags,tradable,marketable,commodity,store_hidden",
    "background_color": "3C352E",
    "commodity": "0",
    "date_created": "20250323T234224Z",
    "description": "Hat",
    "display_type": "",
    "icon_url": "https://drivebeyondhorizons.com/public/assets/steam/117.png",
    "icon_url_large": "https://drivebeyondhorizons.com/public/assets/steam/117.png",
    "itemdefid": "117",
    "marketable": "1",
    "modified": "20250323T234224Z",
    "name": "Hat",
    "name_color": "00FF62",
    "quantity": "0",
    "store_hidden": "1",
    "tags": "quality:uncommon",
    "tradable": "1",
    "type": "item"
  },
  "118": {
    "Timestamp": "2025-03-23T23:42:24Z",
    "appid": "2625420",
    "available_properties": "appid,itemdefid,Timestamp,modified,date_created,type,display_type,name,quantity,description,background_color,icon_url,icon_url_large,name_color,tags,tradable,marketable,commodity,store_hidden",
    "background_color": "3C352E",
    "commodity": "0",
    "date_created": "20250323T234224Z",
    "description": "Hat 2",
    "display_type": "",
    "icon_url": "https://drivebeyondhorizons.com/public/assets/steam/118.png",
    "icon_url_large": "https://drivebeyondhorizons.com/public/assets/steam/118.png",
    "itemdefid": "118",
    "marketable": "1",
    "modified": "20250323T234224Z",
    "name": "Hat 2",
    "name_color": "00FF62",
    "quantity": "0",
    "store_hidden": "1",
    "tags": "quality:uncommon",
    "tradable": "1",
    "type": "item"
  },
  "119": {
    "Timestamp": "2025-03-23T23:42:24Z",
    "appid": "2625420",
    "available_properties": "appid,itemdefid,Timestamp,modified,date_created,type,display_type,name,quantity,description,background_color,icon_url,icon_url_large,name_color,tags,tradable,marketable,commodity,store_hidden",
    "background_color": "3C352E",
    "commodity": "0",
    "date_created": "20250323T234224Z",
    "description": "Hat Tacty",
    "display_type": "",
    "icon_url": "https://drivebeyondhorizons.com/public/assets/steam/119.png",
    "icon_url_large": "https://drivebeyondhorizons.com/public/assets/steam/119.png",
    "itemdefid": "119",
    "marketable": "1",
    "modified": "20250323T234224Z",
    "name": "Hat Tacty",
    "name_color": "FFF800",
    "quantity": "0",
    "store_hidden": "1",
    "tags": "quality:veryrare",
    "tradable": "1",
    "type": "item"
  },
  "120": {
    "Timestamp": "2025-09-15T00:05:06Z",
    "appid": "2625420",
    "available_properties": "appid,itemdefid,Timestamp,modified,date_created,type,display_type,name,quantity,description,background_color,icon_url,icon_url_large,name_color,tags,tradable,marketable,commodity,store_hidden",
    "background_color": "3C352E",
    "commodity": "0",
    "date_created": "20250915T000506Z",
    "description": "Hat Cat",
    "display_type": "",
    "icon_url": "https://drivebeyondhorizons.com/public/assets/steam/120.png",
    "icon_url_large": "https://drivebeyondhorizons.com/public/assets/steam/120.png",
    "itemdefid": "120",
    "marketable": "1",
    "modified": "20250915T000506Z",
    "name": "Hat Cat",
    "name_color": "B00081",
    "quantity": "0",
    "store_hidden": "1",
    "tags": "quality:rare",
    "tradable": "1",
    "type": "item"
  },
  "121": {
    "Timestamp": "2025-08-13T17:20:28Z",
    "appid": "2625420",
    "available_properties": "appid,itemdefid,Timestamp,modified,date_created,type,display_type,name,quantity,description,background_color,icon_url,icon_url_large,name_color,tags,tradable,marketable,commodity,store_hidden",
    "background_color": "3C352E",
    "commodity": "0",
    "date_created": "20250813T172028Z",
    "description": "Led mask",
    "display_type": "",
    "icon_url": "https://drivebeyondhorizons.com/public/assets/steam/121.png",
    "icon_url_large": "https://drivebeyondhorizons.com/public/assets/steam/121.png",
    "itemdefid": "121",
    "marketable": "1",
    "modified": "20250813T172028Z",
    "name": "Led mask",
    "name_color": "FFF800",
    "quantity": "0",
    "store_hidden": "1",
    "tags": "quality:veryrare",
    "tradable": "1",
    "type": "item"
  },
  "122": {
    "Timestamp": "2025-03-23T23:42:24Z",
    "appid": "2625420",
    "available_properties": "appid,itemdefid,Timestamp,modified,date_created,type,display_type,name,quantity,description,background_color,icon_url,icon_url_large,name_color,tags,tradable,marketable,commodity,store_hidden",
    "background_color": "3C352E",
    "commodity": "0",
    "date_created": "20250323T234224Z",
    "description": "Red Mask",
    "display_type": "",
    "icon_url": "https://drivebeyondhorizons.com/public/assets/steam/122.png",
    "icon_url_large": "https://drivebeyondhorizons.com/public/assets/steam/122.png",
    "itemdefid": "122",
    "marketable": "1",
    "modified": "20250323T234224Z",
    "name": "Red Mask",
    "name_color": "00FF62",
    "quantity": "0",
    "store_hidden": "1",
    "tags": "quality:uncommon",
    "tradable": "1",
    "type": "item"
  },
  "123": {
    "Timestamp": "2025-03-23T23:42:24Z",
    "appid": "2625420",
    "available_properties": "appid,itemdefid,Timestamp,modified,date_created,type,display_type,name,quantity,description,background_color,icon_url,icon_url_large,name_color,tags,tradable,marketable,commodity,store_hidden",
    "background_color": "3C352E",
    "commodity": "0",
    "date_created": "20250323T234224Z",
    "description": "Moustache de Greg",
    "display_type": "",
    "icon_url": "https://drivebeyondhorizons.com/public/assets/steam/123.png",
    "icon_url_large": "https://drivebeyondhorizons.com/public/assets/steam/123.png",
    "itemdefid": "123",
    "marketable": "1",
    "modified": "20250323T234224Z",
    "name": "Moustache de Greg",
    "name_color": "00FF62",
    "quantity": "0",
    "store_hidden": "1",
    "tags": "quality:uncommon",
    "tradable": "1",
    "type": "item"
  },
  "124": {
    "Timestamp": "2025-08-13T17:20:28Z",
    "appid": "2625420",
    "available_properties": "appid,itemdefid,Timestamp,modified,date_created,type,display_type,name,quantity,description,background_color,icon_url,icon_url_large,name_color,tags,tradable,marketable,commodity,store_hidden",
    "background_color": "3C352E",
    "commodity": "0",
    "date_created": "20250813T172028Z",
    "description": "Shark Hat",
    "display_type": "",
    "icon_url": "https://drivebeyondhorizons.com/public/assets/steam/124.png",
    "icon_url_large": "https://drivebeyondhorizons.com/public/assets/steam/124.png",
    "itemdefid": "124",
    "marketable": "1",
    "modified": "20250813T172028Z",
    "name": "Shark Hat",
    "name_color": "B00081",
    "quantity": "0",
    "store_hidden": "1",
    "tags": "quality:rare",
    "tradable": "1",
    "type": "item"
  },
  "125": {
    "Timestamp": "2025-08-13T17:20:28Z",
    "appid": "2625420",
    "available_properties": "appid,itemdefid,Timestamp,modified,date_created,type,display_type,name,quantity,description,background_color,icon_url,icon_url_large,name_color,tags,tradable,marketable,commodity,store_hidden",
    "background_color": "3C352E",
    "commodity": "0",
    "date_created": "20250813T172028Z",
    "description": "Viking Hat",
    "display_type": "",
    "icon_url": "https://drivebeyondhorizons.com/public/assets/steam/125.png",
    "icon_url_large": "https://drivebeyondhorizons.com/public/assets/steam/125.png",
    "itemdefid": "125",
    "marketable": "1",
    "modified": "20250813T172028Z",
    "name": "Viking Hat",
    "name_color": "B00081",
    "quantity": "0",
    "store_hidden": "1",
    "tags": "quality:rare",
    "tradable": "1",
    "type": "item"
  },
  "126": {
    "Timestamp": "2025-03-23T23:42:24Z",
    "appid": "2625420",
    "available_properties": "appid,itemdefid,Timestamp,modified,date_created,type,display_type,name,quantity,description,background_color,icon_url,icon_url_large,name_color,tags,tradable,marketable,commodity,store_hidden",
    "background_color": "3C352E",
    "commodity": "0",
    "date_created": "20250323T234224Z",
    "description": "Welding Helmet",
    "display_type": "",
    "icon_url": "https://drivebeyondhorizons.com/public/assets/steam/126.png",
    "icon_url_large": "https://drivebeyondhorizons.com/public/assets/steam/126.png",
    "itemdefid": "126",
    "marketable": "1",
    "modified": "20250323T234224Z",
    "name": "Welding Helmet",
    "name_color": "B00081",
    "quantity": "0",
    "store_hidden": "1",
    "tags": "quality:rare",
    "tradable": "1",
    "type": "item"
  },
  "127": {
    "Timestamp": "2025-03-24T00:17:24Z",
    "appid": "2625420",
    "available_properties": "appid,itemdefid,Timestamp,modified,date_created,type,display_type,name,quantity,description,background_color,icon_url,icon_url_large,name_color,tags,tradable,marketable,commodity,store_hidden",
    "background_color": "3C352E",
    "commodity": "0",
    "date_created": "20250324T001724Z",
    "description": "Neon Volume Modifier",
    "display_type": "",
    "icon_url": "https://drivebeyondhorizons.com/public/assets/steam/127.png",
    "icon_url_large": "https://drivebeyondhorizons.com/public/assets/steam/127.png",
    "itemdefid": "127",
    "marketable": "1",
    "modified": "20250324T001724Z",
    "name": "Neon Volume Modifier",
    "name_color": "FFF800",
    "quantity": "0",
    "store_hidden": "1",
    "tags": "quality:veryrare",
    "tradable": "1",
    "type": "item"
  },
  "128": {
    "Timestamp": "2025-08-14T18:22:00Z",
    "appid": "2625420",
    "available_properties": "appid,itemdefid,Timestamp,modified,date_created,type,display_type,name,quantity,description,background_color,icon_url,icon_url_large,name_color,tags,tradable,marketable,commodity,store_hidden",
    "background_color": "3C352E",
    "commodity": "0",
    "date_created": "20250814T182200Z",
    "description": "Backroom phone",
    "display_type": "",
    "icon_url": "https://drivebeyondhorizons.com/public/assets/steam/128.png",
    "icon_url_large": "https://drivebeyondhorizons.com/public/assets/steam/128.png",
    "itemdefid": "128",
    "marketable": "1",
    "modified": "20250814T182200Z",
    "name": "Backroom phone",
    "name_color": "000000",
    "quantity": "0",
    "store_hidden": "1",
    "tags": "quality:limited",
    "tradable": "1",
    "type": "item"
  },
  "129": {
    "Timestamp": "2025-08-14T18:22:00Z",
    "appid": "2625420",
    "available_properties": "appid,itemdefid,Timestamp,modified,date_created,type,display_type,name,quantity,description,background_color,icon_url,icon_url_large,name_color,tags,tradable,marketable,commodity,store_hidden",
    "background_color": "3C352E",
    "commodity": "0",
    "date_created": "20250814T182200Z",
    "description": "Almond milk",
    "display_type": "",
    "icon_url": "https://drivebeyondhorizons.com/public/assets/steam/129.png",
    "icon_url_large": "https://drivebeyondhorizons.com/public/assets/steam/129.png",
    "itemdefid": "129",
    "marketable": "1",
    "modified": "20250814T182200Z",
    "name": "Almond milk",
    "name_color": "000000",
    "quantity": "0",
    "store_hidden": "1",
    "tags": "quality:limited",
    "tradable": "1",
    "type": "item"
  },
  "130": {
    "Timestamp": "2025-08-14T18:22:00Z",
    "appid": "2625420",
    "available_properties": "appid,itemdefid,Timestamp,modified,date_created,type,display_type,name,quantity,description,background_color,icon_url,icon_url_large,name_color,tags,tradable,marketable,commodity,store_hidden",
    "background_color": "3C352E",
    "commodity": "0",
    "date_created": "20250814T182200Z",
    "description": "Snow ball",
    "display_type": "",
    "icon_url": "https://drivebeyondhorizons.com/public/assets/steam/130.png",
    "icon_url_large": "https://drivebeyondhorizons.com/public/assets/steam/130.png",
    "itemdefid": "130",
    "marketable": "1",
    "modified": "20250814T182200Z",
    "name": "Snow ball",
    "name_color": "000000",
    "quantity": "0",
    "store_hidden": "1",
    "tags": "quality:limited",
    "tradable": "1",
    "type": "item"
  },
  "item_definition_ids": [
    104,
    105,
    106,
    107,
    108,
    109,
    110,
    111,
    112,
    113,
    114,
    115,
    116,
    117,
    118,
    119,
    120,
    121,
    122,
    123,
    124,
    125,
    126,
    127,
    128,
    129,
    130
  ],
  "items_count": 27
}